{
  "project_info": {
    "project_number": "947159084754",
    "project_id": "geofencing-b22e1",
    "storage_bucket": "geofencing-b22e1.appspot.com"
  },
  "client": [
    {
      "client_info": {
        "mobilesdk_app_id": "1:947159084754:android:2ce25d4628c9670e54c70b",
        "android_client_info": {
          "package_name": "com.example.attendence_system"
        }
      },
      "oauth_client": [
        {
          "client_id": "947159084754-jt341ai3co8ll20k6a1huko47rb4hf8h.apps.googleusercontent.com",
          "client_type": 3
        }
      ],
      "api_key": [
        {
          "current_key": "AIzaSyBkjpvUkvLfwE-cb-N8CE4UF7VnlrcVY1k"
        }
      ],
      "services": {
        "appinvite_service": {
          "other_platform_oauth_client": [
            {
              "client_id": "947159084754-jt341ai3co8ll20k6a1huko47rb4hf8h.apps.googleusercontent.com",
              "client_type": 3
            }
          ]
        }
      }
    }
  ],
  "configuration_version": "1"
}